url,h1,title,meta_description,cluster,priority
/dumpster-rental/oakland-ca,Dumpster Rental in Oakland CA — Same-Day Delivery from Local Yards,Dumpster Rental Oakland CA | Same-Day Delivery | Calsan Dumpsters Pro,Same-day dumpster rental in Oakland CA. 5-50 yard roll-off dumpsters from our local yard. Transparent pricing instant quote. Call (510) 680-2150.,city_core,HIGH
/dumpster-rental/berkeley-ca,Dumpster Rental in Berkeley CA — Local Yard Same-Day Service,Dumpster Rental Berkeley CA | Same-Day Delivery | Calsan,Dumpster rental in Berkeley CA. Roll-off dumpsters 5-50 yards delivered same day from Oakland yard. Instant quote online.,city_core,HIGH
/dumpster-rental/alameda-ca,Dumpster Rental in Alameda CA — Delivered from Oakland Yard,Dumpster Rental Alameda CA | Local Delivery | Calsan,Dumpster rental Alameda CA. Same-day delivery from our Oakland yard. 5-50 yard sizes. Get instant quote.,city_core,HIGH
/dumpster-rental/san-leandro-ca,Dumpster Rental in San Leandro CA — Fast Local Delivery,Dumpster Rental San Leandro CA | Calsan Dumpsters Pro,San Leandro dumpster rental. Same-day delivery 5-50 yard roll-offs. Transparent pricing no hidden fees.,city_core,HIGH
/dumpster-rental/hayward-ca,Dumpster Rental in Hayward CA — Roll-Off Dumpsters Delivered Today,Dumpster Rental Hayward CA | Same-Day | Calsan,Hayward CA dumpster rental. 5-50 yard dumpsters. Same-day delivery. Concrete dirt roofing debris. Instant quote.,city_core,HIGH
/dumpster-rental/emeryville-ca,Dumpster Rental in Emeryville CA,Dumpster Rental Emeryville CA | Calsan Dumpsters Pro,Emeryville dumpster rental from local Oakland yard. Same-day delivery available. 5-50 yard sizes.,city_core,HIGH
/dumpster-rental/richmond-ca,Dumpster Rental in Richmond CA — East Bay Roll-Off Service,Dumpster Rental Richmond CA | Calsan Dumpsters Pro,Richmond CA dumpster rental. Roll-off dumpsters 5-50 yards delivered same day. Get instant quote online.,city_core,HIGH
/dumpster-rental/el-cerrito-ca,Dumpster Rental in El Cerrito CA,Dumpster Rental El Cerrito CA | Calsan Dumpsters Pro,El Cerrito dumpster rental. Same-day delivery from Oakland yard. All sizes 5-50 yards.,city_core,MEDIUM
/dumpster-rental/albany-ca,Dumpster Rental in Albany CA,Dumpster Rental Albany CA | Calsan Dumpsters Pro,Albany CA dumpster rental. Local delivery from Oakland yard. 5-50 yard roll-off dumpsters.,city_core,MEDIUM
/dumpster-rental/san-lorenzo-ca,Dumpster Rental in San Lorenzo CA,Dumpster Rental San Lorenzo CA | Calsan Dumpsters Pro,San Lorenzo dumpster rental. Fast East Bay delivery. 5-50 yard dumpsters for any project.,city_core,MEDIUM
/dumpster-rental/castro-valley-ca,Dumpster Rental in Castro Valley CA — Local Yard Delivery,Dumpster Rental Castro Valley CA | Calsan Dumpsters Pro,Castro Valley dumpster rental. Same-day delivery from Oakland yard. 5-50 yard sizes. Instant quote.,city_core,HIGH
/dumpster-rental/fremont-ca,Dumpster Rental in Fremont CA — Roll-Off Dumpsters,Dumpster Rental Fremont CA | Calsan Dumpsters Pro,Fremont CA dumpster rental. Roll-off dumpsters 5-50 yards. Same-day delivery. Instant quote online.,city_core,HIGH
/dumpster-rental/union-city-ca,Dumpster Rental in Union City CA,Dumpster Rental Union City CA | Calsan Dumpsters Pro,Union City dumpster rental. Local delivery all sizes. Get instant quote.,city_core,MEDIUM
/dumpster-rental/newark-ca,Dumpster Rental in Newark CA,Dumpster Rental Newark CA | Calsan Dumpsters Pro,Newark CA dumpster rental. Fast delivery from local yards. 5-50 yard sizes.,city_core,MEDIUM
/dumpster-rental/dublin-ca,Dumpster Rental in Dublin CA,Dumpster Rental Dublin CA | Calsan Dumpsters Pro,Dublin CA dumpster rental. Same-day delivery. All sizes for construction remodel cleanout.,city_core,MEDIUM
/dumpster-rental/pleasanton-ca,Dumpster Rental in Pleasanton CA,Dumpster Rental Pleasanton CA | Calsan Dumpsters Pro,Pleasanton dumpster rental. Roll-off dumpsters delivered from local yards. Instant quote.,city_core,MEDIUM
/dumpster-rental/livermore-ca,Dumpster Rental in Livermore CA,Dumpster Rental Livermore CA | Calsan Dumpsters Pro,Livermore CA dumpster rental. 5-50 yard sizes. Same-day available. Transparent pricing.,city_core,MEDIUM
/dumpster-rental/walnut-creek-ca,Dumpster Rental in Walnut Creek CA — East Bay Service,Dumpster Rental Walnut Creek CA | Calsan Dumpsters Pro,Walnut Creek dumpster rental. Same-day delivery from local yards. 5-50 yard roll-off dumpsters. Instant quote.,city_core,HIGH
/dumpster-rental/concord-ca,Dumpster Rental in Concord CA,Dumpster Rental Concord CA | Calsan Dumpsters Pro,Concord CA dumpster rental. Roll-off dumpsters 5-50 yards. Fast East Bay delivery.,city_core,MEDIUM
/dumpster-rental/san-ramon-ca,Dumpster Rental in San Ramon CA,Dumpster Rental San Ramon CA | Calsan Dumpsters Pro,San Ramon dumpster rental. Local delivery all sizes. Transparent pricing instant quote.,city_core,MEDIUM
/dumpster-rental/san-jose-ca,Dumpster Rental in San Jose CA — Local Yard Same-Day Service,Dumpster Rental San Jose CA | Same-Day | Calsan Dumpsters Pro,San Jose dumpster rental from our Ringwood Ave yard. Same-day delivery 5-50 yard roll-offs. Instant quote.,city_core,HIGH
/dumpster-rental/san-francisco-ca,Dumpster Rental in San Francisco CA — Permit Guidance Included,Dumpster Rental San Francisco CA | Calsan Dumpsters Pro,San Francisco dumpster rental. SFMTA permit guidance included. 5-50 yard roll-offs. Same-day delivery.,city_core,HIGH
/oakland/10-yard-dumpster,10 Yard Dumpster Rental in Oakland CA,10 Yard Dumpster Rental Oakland CA | From $390 | Calsan,10 yard dumpster rental Oakland CA. 12x7.5x3 ft. Includes 1 ton. Perfect for small renovations. From $390.,size_city,HIGH
/oakland/20-yard-dumpster,20 Yard Dumpster Rental in Oakland CA,20 Yard Dumpster Rental Oakland CA | From $580 | Calsan,20 yard dumpster rental Oakland CA. 18x7.5x4 ft. Includes 2 tons. Full room renovations roofing. From $580.,size_city,HIGH
/oakland/30-yard-dumpster,30 Yard Dumpster Rental in Oakland CA,30 Yard Dumpster Rental Oakland CA | From $770 | Calsan,30 yard dumpster rental Oakland CA. 18x7.5x6 ft. Includes 3 tons. Major renovations new construction. From $770.,size_city,HIGH
/oakland/40-yard-dumpster,40 Yard Dumpster Rental in Oakland CA,40 Yard Dumpster Rental Oakland CA | From $1135 | Calsan,40 yard dumpster rental Oakland CA. 24x7.5x6 ft. 4 tons included. Commercial projects large demo. From $1135.,size_city,HIGH
/san-jose/20-yard-dumpster,20 Yard Dumpster Rental in San Jose CA,20 Yard Dumpster Rental San Jose CA | From $580 | Calsan,20 yard dumpster rental San Jose CA from local yard. 18x7.5x4 ft includes 2 tons. From $580.,size_city,HIGH
/san-jose/30-yard-dumpster,30 Yard Dumpster Rental in San Jose CA,30 Yard Dumpster Rental San Jose CA | From $770 | Calsan,30 yard dumpster San Jose CA. 18x7.5x6 ft 3 tons included. Major renovations. From $770.,size_city,HIGH
/san-francisco/20-yard-dumpster,20 Yard Dumpster Rental in San Francisco CA,20 Yard Dumpster San Francisco CA | From $580 | Calsan,20 yard dumpster rental San Francisco CA. 18x7.5x4 ft 2 tons included. Permit guidance. From $580.,size_city,HIGH
/oakland/concrete-dumpster-rental,Concrete Dumpster Rental in Oakland CA — Flat-Fee Pricing,Concrete Dumpster Rental Oakland CA | Flat Fee | Calsan,Concrete dumpster rental Oakland CA. Flat-fee pricing disposal included. 6 8 10 yard sizes. Clean loads only.,heavy_material,HIGH
/oakland/dirt-dumpster-rental,Dirt Dumpster Rental in Oakland CA — Flat-Fee,Dirt Dumpster Rental Oakland CA | Flat Fee | Calsan,Dirt and soil dumpster rental Oakland CA. Flat-fee pricing. 6 8 10 yard sizes for landscaping excavation.,heavy_material,HIGH
/oakland/construction-debris-dumpster,Construction Debris Dumpster Rental Oakland CA,C&D Dumpster Rental Oakland CA | Calsan Dumpsters Pro,Construction debris dumpster rental Oakland CA. Mixed C&D drywall wood. All sizes 5-50 yards. $165/ton overage.,heavy_material,HIGH
/berkeley/concrete-dumpster-rental,Concrete Dumpster Rental in Berkeley CA,Concrete Dumpster Rental Berkeley CA | Flat Fee | Calsan,Concrete dumpster rental Berkeley CA. Flat-fee pricing disposal included. Same-day delivery.,heavy_material,HIGH
/san-leandro/concrete-dumpster-rental,Concrete Dumpster Rental in San Leandro CA,Concrete Dumpster San Leandro CA | Flat Fee | Calsan,Concrete dumpster rental San Leandro CA. Flat-fee pricing. 6 8 10 yard sizes.,heavy_material,HIGH
/hayward/concrete-dumpster-rental,Concrete Dumpster Rental in Hayward CA,Concrete Dumpster Rental Hayward CA | Flat Fee | Calsan,Concrete dumpster rental Hayward CA. Flat-fee pricing disposal included.,heavy_material,HIGH
/san-jose/concrete-dumpster-rental,Concrete Dumpster Rental in San Jose CA — Flat-Fee,Concrete Dumpster Rental San Jose CA | Flat Fee | Calsan,Concrete dumpster rental San Jose CA. Flat-fee pricing from Ringwood yard. 6 8 10 yard sizes.,heavy_material,HIGH
/san-francisco/concrete-dumpster-rental,Concrete Dumpster Rental in San Francisco CA,Concrete Dumpster SF CA | Flat Fee | Calsan,Concrete dumpster rental San Francisco CA. Flat-fee pricing. Permit guidance included.,heavy_material,HIGH
/fremont/concrete-dumpster-rental,Concrete Dumpster Rental in Fremont CA,Concrete Dumpster Rental Fremont CA | Calsan,Concrete dumpster rental Fremont CA. Flat-fee pricing disposal included.,heavy_material,MEDIUM
/walnut-creek/concrete-dumpster-rental,Concrete Dumpster Rental in Walnut Creek CA,Concrete Dumpster Walnut Creek CA | Calsan,Concrete dumpster rental Walnut Creek CA. Flat-fee pricing.,heavy_material,MEDIUM
/concord/concrete-dumpster-rental,Concrete Dumpster Rental in Concord CA,Concrete Dumpster Concord CA | Calsan,Concrete dumpster rental Concord CA. Flat-fee pricing from local yard.,heavy_material,MEDIUM
/castro-valley/concrete-dumpster-rental,Concrete Dumpster Rental in Castro Valley CA,Concrete Dumpster Castro Valley CA | Calsan,Concrete dumpster rental Castro Valley CA. Flat-fee pricing.,heavy_material,MEDIUM
/oakland/roofing-dumpster-rental,Roofing Dumpster Rental in Oakland CA,Roofing Dumpster Rental Oakland CA | Calsan Dumpsters Pro,Roofing dumpster rental Oakland CA. 20-40 yard sizes for shingles tear-off. Same-day delivery.,contractor,HIGH
/oakland/demolition-dumpster-rental,Demolition Dumpster Rental in Oakland CA,Demolition Dumpster Oakland CA | Calsan Dumpsters Pro,Demolition dumpster rental Oakland CA. All sizes for full demo projects. Concrete and mixed debris.,contractor,HIGH
/oakland/adu-dumpster-rental,ADU Dumpster Rental in Oakland CA,ADU Dumpster Rental Oakland CA | Calsan Dumpsters Pro,ADU construction dumpster rental Oakland CA. 10-30 yard sizes for ADU builds and conversions.,contractor,HIGH
/oakland/garage-cleanout-dumpster,Garage Cleanout Dumpster Oakland CA,Garage Cleanout Dumpster Oakland CA | Calsan,Garage cleanout dumpster rental Oakland CA. 6-20 yard sizes. Same-day delivery.,contractor,MEDIUM
/oakland/estate-cleanout-dumpster,Estate Cleanout Dumpster Oakland CA,Estate Cleanout Dumpster Oakland CA | Calsan,Estate cleanout dumpster rental Oakland CA. 20-40 yard sizes for full estate clearing.,contractor,MEDIUM
/berkeley/roofing-dumpster-rental,Roofing Dumpster Rental in Berkeley CA,Roofing Dumpster Rental Berkeley CA | Calsan,Roofing dumpster rental Berkeley CA. 20-40 yard sizes same-day delivery.,contractor,MEDIUM
/san-jose/roofing-dumpster-rental,Roofing Dumpster Rental in San Jose CA,Roofing Dumpster Rental San Jose CA | Calsan,Roofing dumpster rental San Jose CA from local Ringwood yard. Same-day delivery.,contractor,HIGH
/san-francisco/demolition-dumpster-rental,Demolition Dumpster Rental in San Francisco CA,Demolition Dumpster SF CA | Calsan Dumpsters Pro,Demolition dumpster rental San Francisco CA. All sizes permit guidance included.,contractor,HIGH
/oakland/commercial-dumpster-rental,Commercial Dumpster Rental in Oakland CA,Commercial Dumpster Rental Oakland CA | Calsan,Commercial dumpster rental Oakland CA. 20-50 yard sizes for offices warehouses restaurants.,commercial,HIGH
/san-jose/commercial-dumpster-rental,Commercial Dumpster Rental in San Jose CA,Commercial Dumpster Rental San Jose CA | Calsan,Commercial dumpster rental San Jose CA. All sizes from local yard.,commercial,MEDIUM
/san-francisco/dumpster-permit,Dumpster Permit Guide for San Francisco CA,SF Dumpster Permit Guide | SFMTA | Calsan Dumpsters Pro,Do you need a dumpster permit in San Francisco? SFMTA guidelines placement tips and alternatives.,permit,HIGH
/oakland/dumpster-permit,Dumpster Permit Guide for Oakland CA,Oakland Dumpster Permit Guide | Calsan Dumpsters Pro,Dumpster permit info for Oakland CA. When you need one how to get it driveway alternatives.,permit,MEDIUM
/dumpster-rental/94601,Dumpster Rental in 94601 — Oakland CA,Dumpster Rental 94601 | Oakland CA | Calsan,Dumpster rental in ZIP 94601 Oakland CA. Same-day delivery from local yard. 5-50 yard sizes.,zip,HIGH
/dumpster-rental/94603,Dumpster Rental in 94603 — Oakland CA,Dumpster Rental 94603 | Oakland CA | Calsan,Dumpster rental 94603 Oakland CA. Fast local delivery. All sizes.,zip,HIGH
/dumpster-rental/94605,Dumpster Rental in 94605 — Oakland CA,Dumpster Rental 94605 | Oakland CA | Calsan,Dumpster rental 94605 Oakland CA. Same-day available.,zip,MEDIUM
/dumpster-rental/94606,Dumpster Rental in 94606 — Oakland CA,Dumpster Rental 94606 | Oakland CA | Calsan,Dumpster rental 94606 Oakland CA. Local yard delivery.,zip,MEDIUM
/dumpster-rental/94607,Dumpster Rental in 94607 — Oakland CA,Dumpster Rental 94607 | Oakland CA | Calsan,Dumpster rental 94607 Oakland CA. West Oakland same-day delivery.,zip,HIGH
/dumpster-rental/94608,Dumpster Rental in 94608 — Emeryville/Oakland CA,Dumpster Rental 94608 | Emeryville CA | Calsan,Dumpster rental 94608 Emeryville Oakland CA. Local delivery all sizes.,zip,MEDIUM
/dumpster-rental/94609,Dumpster Rental in 94609 — Oakland CA,Dumpster Rental 94609 | Oakland CA | Calsan,Dumpster rental 94609 Oakland CA. North Oakland Temescal.,zip,MEDIUM
/dumpster-rental/94610,Dumpster Rental in 94610 — Oakland CA,Dumpster Rental 94610 | Oakland CA | Calsan,Dumpster rental 94610 Oakland CA. Grand Lake Adams Point.,zip,MEDIUM
/dumpster-rental/94611,Dumpster Rental in 94611 — Oakland CA,Dumpster Rental 94611 | Oakland CA | Calsan,Dumpster rental 94611 Oakland CA. Piedmont Montclair.,zip,MEDIUM
/dumpster-rental/94612,Dumpster Rental in 94612 — Oakland CA,Dumpster Rental 94612 | Oakland CA | Calsan,Dumpster rental 94612 Downtown Oakland.,zip,MEDIUM
/dumpster-rental/94618,Dumpster Rental in 94618 — Oakland CA,Dumpster Rental 94618 | Oakland CA | Calsan,Dumpster rental 94618 Oakland CA. Rockridge.,zip,MEDIUM
/dumpster-rental/94619,Dumpster Rental in 94619 — Oakland CA,Dumpster Rental 94619 | Oakland CA | Calsan,Dumpster rental 94619 Oakland CA. Laurel District Redwood Heights.,zip,MEDIUM
/dumpster-rental/94621,Dumpster Rental in 94621 — Oakland CA,Dumpster Rental 94621 | Oakland CA | Calsan,Dumpster rental 94621 Oakland CA. East Oakland Coliseum area.,zip,HIGH
/dumpster-rental/94702,Dumpster Rental in 94702 — Berkeley CA,Dumpster Rental 94702 | Berkeley CA | Calsan,Dumpster rental 94702 Berkeley CA. West Berkeley.,zip,MEDIUM
/dumpster-rental/94703,Dumpster Rental in 94703 — Berkeley CA,Dumpster Rental 94703 | Berkeley CA | Calsan,Dumpster rental 94703 Berkeley CA. South Berkeley.,zip,MEDIUM
/dumpster-rental/94501,Dumpster Rental in 94501 — Alameda CA,Dumpster Rental 94501 | Alameda CA | Calsan,Dumpster rental 94501 Alameda CA. Same-day delivery from Oakland yard.,zip,MEDIUM
/dumpster-rental/94577,Dumpster Rental in 94577 — San Leandro CA,Dumpster Rental 94577 | San Leandro CA | Calsan,Dumpster rental 94577 San Leandro CA. Fast local delivery.,zip,MEDIUM
/dumpster-rental/94541,Dumpster Rental in 94541 — Hayward CA,Dumpster Rental 94541 | Hayward CA | Calsan,Dumpster rental 94541 Hayward CA. Same-day delivery.,zip,MEDIUM
/dumpster-rental/94544,Dumpster Rental in 94544 — Hayward CA,Dumpster Rental 94544 | Hayward CA | Calsan,Dumpster rental 94544 Hayward CA. South Hayward.,zip,MEDIUM
/dumpster-rental/94801,Dumpster Rental in 94801 — Richmond CA,Dumpster Rental 94801 | Richmond CA | Calsan,Dumpster rental 94801 Richmond CA. East Bay delivery.,zip,MEDIUM
/dumpster-rental/94546,Dumpster Rental in 94546 — Castro Valley CA,Dumpster Rental 94546 | Castro Valley CA | Calsan,Dumpster rental 94546 Castro Valley CA. Local delivery.,zip,MEDIUM
/dumpster-rental/94536,Dumpster Rental in 94536 — Fremont CA,Dumpster Rental 94536 | Fremont CA | Calsan,Dumpster rental 94536 Fremont CA. Same-day available.,zip,MEDIUM
/dumpster-rental/94596,Dumpster Rental in 94596 — Walnut Creek CA,Dumpster Rental 94596 | Walnut Creek CA | Calsan,Dumpster rental 94596 Walnut Creek CA.,zip,MEDIUM
/dumpster-rental/94520,Dumpster Rental in 94520 — Concord CA,Dumpster Rental 94520 | Concord CA | Calsan,Dumpster rental 94520 Concord CA.,zip,MEDIUM
/dumpster-rental/95110,Dumpster Rental in 95110 — San Jose CA,Dumpster Rental 95110 | San Jose CA | Calsan,Dumpster rental 95110 San Jose CA. Local yard delivery.,zip,MEDIUM
/dumpster-rental/95112,Dumpster Rental in 95112 — San Jose CA,Dumpster Rental 95112 | San Jose CA | Calsan,Dumpster rental 95112 San Jose CA.,zip,MEDIUM
/dumpster-rental/95125,Dumpster Rental in 95125 — San Jose CA,Dumpster Rental 95125 | San Jose CA | Calsan,Dumpster rental 95125 San Jose CA. Willow Glen.,zip,MEDIUM
/dumpster-rental/94102,Dumpster Rental in 94102 — San Francisco CA,Dumpster Rental 94102 | San Francisco CA | Calsan,Dumpster rental 94102 Downtown San Francisco. Permit guidance included.,zip,MEDIUM
/dumpster-rental/94110,Dumpster Rental in 94110 — San Francisco CA,Dumpster Rental 94110 | San Francisco CA | Calsan,Dumpster rental 94110 Mission District San Francisco.,zip,MEDIUM
/dumpster-rental/94112,Dumpster Rental in 94112 — San Francisco CA,Dumpster Rental 94112 | San Francisco CA | Calsan,Dumpster rental 94112 Outer Mission Excelsior SF.,zip,MEDIUM
/dumpster-rental/94124,Dumpster Rental in 94124 — San Francisco CA,Dumpster Rental 94124 | San Francisco CA | Calsan,Dumpster rental 94124 Bayview Hunters Point SF.,zip,MEDIUM
/sizes,All Dumpster Sizes — 5 to 50 Yard,Dumpster Sizes Guide | 5-50 Yard | Calsan Dumpsters Pro,Compare all dumpster sizes from 5 to 50 yards. Dimensions weight limits pricing. Find the right size for your project.,generic,HIGH
/materials,Accepted Materials & Disposal Guide,What Can Go in a Dumpster? | Materials Guide | Calsan,What you can and cannot put in a dumpster. Accepted materials prohibited items weight policies.,generic,HIGH
/faq,Dumpster Rental FAQ — Prices Permits Sizes,Dumpster Rental FAQ | Calsan Dumpsters Pro,Answers to common dumpster rental questions. Pricing permits sizes weight limits delivery windows.,faq,MEDIUM
